﻿FunctionalAreas,Title,Description,Triggered By,Triggered On
"Error Handling","Automated Error Reporting","The Automated Error Reporting feature in the Error Handling component of our project will automatically detect and report any errors or exceptions that occur during runtime This feature will capture detailed information about the error, including the stack trace, error message, and relevant contextual data It will then generate a comprehensive error report and send it to the development team for analysis and debugging This automated process will greatly streamline the error handling process, allowing our team to quickly identify and resolve issues, leading to improved stability and reliability of our project","t244002.29@accenture.com","5/22/2024"
"Integration","Realtime Collaboration","The Realtime Collaboration feature allows team members to collaborate seamlessly on the project in realtime It provides a shared workspace where team members can simultaneously edit and view the project components, such as code files, documents, and design assets This feature includes a live chat functionality, enabling team members to communicate and discuss ideas while working on the project Additionally, it offers version control, ensuring that all changes made by team members are tracked and can be easily reverted if needed With Realtime Collaboration, the Hackathon Team 1 can work efficiently and effectively together, maximizing their productivity and creativity","t244002.29@accenture.com","5/22/2024"
"Reporting","Realtime Data Visualization","The Realtime Data Visualization feature allows users to view and analyze project data in realtime through interactive and visually appealing charts, graphs, and dashboards This feature provides a dynamic and comprehensive overview of project progress, key metrics, and trends, enabling stakeholders to make informed decisions and take timely actions Users can customize the visualization settings, apply filters, and drill down into specific data points for deeper analysis With realtime updates, this feature ensures that project reporting is always uptodate, enhancing transparency and facilitating effective communication among team members and stakeholders","t244002.29@accenture.com","5/22/2024"
"Data Processing","Realtime Sentiment Analysis","The Realtime Sentiment Analysis feature allows the project to process and analyze data in realtime, providing valuable insights into the sentiment of users By leveraging advanced natural language processing algorithms, the component can accurately determine the sentiment positive, negative, or neutral of textbased data such as social media posts, customer reviews, or feedback This feature enables the project to monitor and respond promptly to user sentiment, allowing for proactive decisionmaking and enhancing user satisfaction Additionally, the realtime aspect ensures that the sentiment analysis is uptodate, providing the most relevant and actionable information for the project team","t244002.29@accenture.com","5/22/2024"
"Authentication","Facial Recognition Authentication","This feature utilizes advanced facial recognition technology to provide a secure and convenient authentication method for users By capturing and analyzing unique facial features, the system can accurately verify the identity of individuals, ensuring only authorized users can access the project This feature eliminates the need for traditional passwords or PINs, enhancing security and user experience Additionally, it can detect and prevent spoofing attempts, such as using photographs or masks, by incorporating liveness detection algorithms Facial Recognition Authentication offers a cuttingedge and futuristic approach to authentication, setting the project apart from others in terms of security and user convenience","t244002.29@accenture.com","5/22/2024"
"Database Management","Intelligent Query Optimization","The Intelligent Query Optimization feature utilizes machine learning algorithms to analyze and optimize database queries in realtime By continuously learning from past query performance and database statistics, the system can suggest alternative query plans that can significantly improve execution time and resource utilization This feature not only enhances the overall performance of the database management system but also reduces the need for manual query optimization, saving time and effort for developers Additionally, it provides insights into query performance trends, allowing the team to proactively identify and address potential bottlenecks in the database","t244002.29@accenture.com","5/22/2024"
